社區,地址,Latitude,Longitude,樓層數,企業主數,人數預估,安裝片數,棟數,落成,坪價,類型,強調
長榮富豪,桃園市桃園區莊敬路一段154號,25.0255705,121.3003003,12,108,324,4,3,1994年,18.0,住宅社區,false
天馥社區,桃園市蘆竹區大興一街156號,25.0159596,121.2626224,10~12,146,438,6,5,2013年,16.2,住宅社區,false
巴黎伯爵,桃園市桃園區莊敬路一段181巷6號,25.0244282,121.2996946,16,360,1080,10,10,1996年,35.0,住宅社區,false
宜誠君悅特區,桃園市蘆竹區大興八街93號,25.0175116,121.260362,13,104,112,2,1,2009年,16.0,住宅社區,false
豐田大郡,桃園市桃園區莊敬路一段210巷1號,25.0250339,121.2987805,14、23,725,2900,16,8,1996年,18.86,住宅社區,false
楓丹白露社區,桃園市蘆竹區大興十街101號,25.020767,121.2548238,12,88,264,4,4,2015年,20.0,住宅社區,false
台北捷豹,桃園市桃園區經國路280號,25.021957,121.303438,24,266,1064,4,2,1998年,18.71,住宅社區,false
寶欣天廈,桃園市蘆竹區大興十四街41號,25.0239627,121.2536701,12,72,216,3,2,1996年,19.0,住宅社區,false
龍鳳經國,桃園市桃園區經國路405號,25.0175048,121.3048692,16,160,480,4,4,1995年,18.4,住宅社區,false
御園道,桃園市龜山區文三二街66巷1號,25.0573266,121.3599508,9,144,432,8,8,2005年,24.4,住宅社區,false
新站京華,桃園市桃園區建國路61巷5之2號1樓,24.9852199,121.315248,10,320,1280,16,16,2002年,20.59,住宅社區,false
吉品天廈,桃園市龜山區文化二路38號,25.0588969,121.365245,12,142,426,4,2,2000年,43.0,住宅社區,false
世中心,桃園市桃園區新生路103號1樓,24.9966545,121.3085931,15,210,840,5,2,2019年,18.09,住宅社區,false
臺北樂高,桃園市龜山區文化七路111號,25.0517308,121.3647626,7~9,320,960,10,10,1997年,22.0,住宅社區,false
世界花園,桃園市桃園區永安路403巷2號,25.0015645,121.2982767,9,234,682,13,13,2000年,17.5,住宅社區,false
綠光社區,桃園市龜山區文化五路115巷6號B1,25.0533247,121.3635195,5~6,528,1584,21,21,1996年,22.0,住宅社區,false
成功大廈,桃園市桃園區壽山路202號,24.9958232,121.3246691,12,180,540,4,4,1985年,13.0,住宅社區,false
龍鳳禾園,桃園市龜山區龍鳳街32巷10號,25.0191653,121.4052476,7、8,50,200,3,3,2012年,27.43,住宅社區,false
葛里法2Ｗ社區,桃園市桃園區民族路256號,24.996387,121.3068814,25,100,300,4,2,2010年,26.2,住宅社區,false
龍鳳一品花園,桃園市龜山區龍鳳街25號,25.0186582,121.4052367,9,135,405,6,6,2015年,28.9,住宅社區,false
中正綠園邸,桃園市桃園區中正路1381號,25.0238183,121.2947464,20,359,1436,6,3,1997年,17.83,住宅社區,false
"Ai 樂捷市社區",桃園市龜山區長慶3街24號,25.0551168,121.3836128,15,344,1032,8,8,2020年,22.0,住宅社區,false
達爾菲二期,桃園市桃園區中埔二街216號,25.014226,121.2948734,15,30,120,1,1,2015年,31.61,住宅社區,false
威世紀,桃園市龜山區文興路110號,25.0580065,121.3647517,14,168,504,4,2,1998年,32.7,住宅社區,false
國強一街社區,桃園市桃園區國強一街266號,24.991294,121.280294,9,180,720,7,7,2003年,18.2,住宅社區,false
德興A8+社區,桃園市龜山區文興路36號,25.0595674,121.3636046,15,70,210,2,1,2014年,36.1,住宅社區,false
合遠家沁社區,桃園市桃園區國強十一街63號,24.9924643,121.2793225,15,131,393,1,1,2017年,22.0,住宅社區,false
鴻越雲鼎,桃園市龜山區文昌三街118號,25.0566077,121.369319,11,44,132,1,1,2009年,36.4,住宅社區,false
新美國,桃園市桃園區國強二街215號,24.9830729,121.274933,13,273,1092,10,8,1994年,12.39,住宅社區,false
貿商新城,桃園市龜山區中興路196巷2號,24.990121,121.333649,9,468,1404,26,26,2001年,14.1,住宅社區,false
麗池香榭社區,桃園市桃園區榮華街64巷40~62號,24.9763736,121.3215223,10~12,190,570,7,7,2006年,15.5,住宅社區,false
桃園縣陸光新城A區,桃園市龜山區長壽路521號1樓之1,24.9969104,121.3319953,154,594,1782,22,11,2005年,16.0,住宅社區,false
兼六園,桃園市桃園區莊一街156號,25.0210061,121.2912077,10~11,166,664,7,7,2006年,23.39,住宅社區,false
太子地球村B區,桃園市龜山區萬壽路二段653巷3號,24.998711,121.3460133,9,81,324,3,3,2008年,19.27,住宅社區,false
涵碧園,桃園市桃園區同安街7號,25.0110716,121.3056894,12,108,324,4,4,1998年,22.0,住宅社區,false
長庚特區,桃園市龜山區忠義路二段361號,25.0476605,121.3589358,7,238,714,11,11,2016年,21.5,住宅社區,false
米羅大地,桃園市桃園區同安街662號,25.025354,121.2973431,9、10,118,472,6,6,1995年,17.54,住宅社區,false
龍廷社區,桃園市龜山區振興路58巷3弄2號,25.003548,121.3507767,7、10,266,1064,19,19,1994年,14.0,住宅社區,false
宏國真愛C區,桃園市桃園區龍鳳三街84號,24.987338,121.279019,13,143,429,5,5,2000年,20.0,住宅社區,false
大景小城,桃園市龜山區優美街54巷3號,24.9989839,121.3622,7,238,714,17,17,1994年,9.5,住宅社區,false
新捷市,桃園市桃園區龍城一街51號,24.9830319,121.2724733,15,315,945,10,6,2019年,19.5,住宅社區,false
春虹龍歡喜社區,桃園市龍潭區聖亭路222號,24.8700438,121.2045906,7,228,684,19,19,2014年,21.0,住宅社區,false
紫京城大廈,桃園市桃園區中正五街290號,25.0021397,121.3021601,12~15,204,612,7,3,1994年,13.6,住宅社區,false
富寓,桃園市龍潭區上華里15鄰中正路上華段112巷36弄22號,24.8516505,121.22225,7、10,33,132,2,2,2016年,15.83,住宅社區,false
百川綠晶,桃園市桃園區寶慶路302號,25.015548,121.2916926,13,195,585,8,8,1995年,18.0,住宅社區,false
宏觀二期,桃園市龍潭區烏樹林里中豐路268巷61號,24.877714,121.212886,10,41,205,2,2,2019年,17.32,住宅社區,false
椰林書鄉,桃園市桃園區寶山街181號,25.0124239,121.3169044,10~19,240,680,10,10,2003年,18.5,住宅社區,false
慶賀綠都心,桃園市龍潭區新龍路215號,24.8582252,121.2129257,14,168,504,6,3,2016年,17.5,住宅社區,false
寶山名邸,桃園市桃園區寶山路227號,25.0118134,121.3148738,12,522,2088,22,3,1998年,19.56,住宅社區,false
藝樹年鑑社區,桃園市桃園區敬三街6號,25.0197939,121.2910037,14,196,588,8,4,2008年,22.5,住宅社區,false
天王星社區,桃園市桃園區敬三街209巷1號,25.0226261,121.2892942,7、8,198,594,11,11,1995年,15.5,住宅社區,false
美麗華,桃園市桃園區敬三街209巷2號,25.022816,121.289128,7,56,168,4,4,1995年,15.5,住宅社區,false
國際巨星社區,桃園市桃園區宏昌十二街595號,24.984469,121.288204,7、8,514,2056,29,29,1996年,17.0,住宅社區,false
GOLF公寓大廈,桃園市桃園區宏昌十街25號,24.985651,121.294366,12,156,468,6,6,2006年,19.5,住宅社區,false
璟都CASA社區,桃園市桃園區大連四街16號,25.0086228,121.3049301,13,169,507,5,5,2007年,20.5,住宅社區,false
大來賞,桃園市桃園區青田街224號,24.9838706,121.3068295,14,336,1344,10,10,2006年,16.63,住宅社區,false
中島美家,桃園市桃園區正光路86巷20號,24.9949503,121.2958859,14、15,62,248,2,2,2018年,23.99,住宅社區,false
紐約四季,桃園市桃園區永安北路381巷6弄8號,25.0164871,121.2922388,9、10,148,592,7,7,2005年,21.38,住宅社區,false
傳世國寶社區,桃園市中壢區長興街30號,24.9703692,121.2507807,12,280,840,10,10,2005年,19.0,住宅社區,false
生活家,桃園市桃園區同德十街41號,25.0180945,121.2931754,9,144,432,7,7,2000年,20.7,住宅社區,false
臻愛一生,桃園市桃園區同德二街63號,25.0109193,121.3020087,9,180,540,8,8,2003年,24.0,住宅社區,false
凡賽絲,桃園市桃園區同德十二街366號,25.0195959,121.2922013,19~21,122,480,4,2,2014年,29.14,住宅社區,false
"漢生 ROOM18 社區",桃園市桃園區民有三街475號,25.0122181,121.3140508,12,202,808,4,2,2011年,21.0,住宅社區,false
中正愛家B區,桃園市桃園區同德十街30巷24號,25.018504,121.293673,8,152,440,6,6,1996年,18.5,住宅社區,false
百川晶硯A區,桃園市桃園區民有十二街20號,25.010036,121.3149456,15,135,405,4,4,2014年,24.0,住宅社區,false
臻星社區,桃園市桃園區民有十二街50號,25.0111265,121.3142032,14,224,672,8,8,2007年,21.0,住宅社區,false
金蘋果村,桃園市桃園區天祥七街97之1號地下室,25.0229711,121.3000019,7,154,462,7,7,1994年,18.5,住宅社區,false
必富邑B區社區,桃園市桃園區龍城二街51號,24.9832971,121.2715837,9,144,432,8,4,1998年,13.4,住宅社區,false
臻好社區,桃園市桃園區龍城三街45號,24.9803272,121.2706585,8~10,163,489,7,7,2001年,15.9,住宅社區,false
慕朶微風,桃園市桃園區慈文路330號,25.0051714,121.3001503,17,66,264,1,1,2015年,15.0,住宅社區,false
中泰宏園,桃園市桃園區宏昌六街160號之1,24.9873979,121.2933182,20,360,1440,9,5,1996年,15.6,住宅社區,false
天空樹,桃園市桃園區宏昌六街16號,24.9892013,121.2996497,13,94,384,4,4,2014年,16.63,住宅社區,false
田園北京大樓,桃園市桃園區永福西街112巷3號,24.9640158,121.2948686,12、13,198,594,8,8,1994年,17.0,住宅社區,false
鴻莊大樓,桃園市桃園區永福西街115巷14號,24.9638076,121.29483,11~12,187,561,7,7,1996年,16.7,住宅社區,false
台北新都社區公寓大廈,桃園市桃園區桃鶯路294號,24.9793408,121.3208703,8,480,1440,24,24,1994年,18.0,住宅社區,false
飛皇富邑,桃園市桃園區南豐三街30號,24.9818296,121.3058784,13、14,101,404,4,4,1993年,14.76,住宅社區,false
陽明天下,桃園市桃園區陽明十街19號,24.9788532,121.3092906,12,144,576,5,3,1991年,16.0,住宅社區,false
博市大廈,桃園市桃園區大業路一段58號,25.0047124,121.317725,8,232,720,11,11,1998年,15.3,住宅社區,false
臻愛歐洲,桃園市桃園區大業路一段162號,25.0078857,121.3158616,13,507,1521,19,19,2005年,20.5,住宅社區,false
城市公爵社區,桃園市桃園區大業路一段419~455號,25.0148154,121.3116164,7,128,512,8,8,1994年,16.0,住宅社區,false
竹城橫濱,桃園市桃園區大業路二段196號,25.0200327,121.3105847,12,160,480,8,8,2012年,30.0,住宅社區,false
竹城金閣,桃園市桃園區大業路二段226號,25.0208783,121.3103493,11~12,162,648,6,6,2008年,19.02,住宅社區,false
雲觀大廈,桃園市桃園區南平路70號,25.0209262,121.3049052,16,128,384,4,4,1995年,16.0,住宅社區,false
竹之城,桃園市桃園區南平路445號,25.0166839,121.2951711,12、13,162,648,6,6,1998年,20.94,住宅社區,false
百年皇宮,桃園市桃園區民安路69號,24.9975789,121.3000249,8~14,192,848,12,8,1989年,13.42,住宅社區,false
美力城邦極美館社區,桃園市桃園區樹仁三街15巷22號,24.9737917,121.3224282,14,224,672,5,5,2014年,21.0,住宅社區,false
典藏龍邸,桃園市桃園區龍壽街100巷1號,24.9814089,121.2687027,8,184,552,11,11,1995年,15.0,住宅社區,false
宏國真愛E區,桃園市桃園區龍鳳三街65巷24號,24.9865069,121.2795557,13、20,336,1344,10,8,1999年,16.33,住宅社區,false
新站御庭苑,桃園市桃園區大豐路76號,24.9805992,121.3172995,7~10,286,858,13,13,2003年,19.7,住宅社區,false
耀時代社區,桃園市桃園區大興路120巷21號,25.016049,121.3096801,9、10,96,384,5,5,2014年,25.0,住宅社區,false
城市豪景(二)期,桃園市桃園區大興路192巷2號,25.0161414,121.3121203,12,132,396,5,5,1995年,18.0,住宅社區,false
城市豪景,桃園市桃園區大興路200號,25.0159832,121.3124847,12,84,252,3,3,1995年,15.0,住宅社區,false
城市大亨,桃園市桃園區大興西路二段26號,25.0125132,121.2986815,216,491,1473,13,13,1995年,28.0,住宅社區,false
紐約大時代,桃園市桃園區大興西路二段69巷66號,25.0097892,121.2990309,15,436,1308,9,9,2011年,39.0,住宅社區,false
伊勢丹名人道,桃園市桃園區大有路152號,25.0069945,121.3211534,12,174,696,3,1,1994年,14.39,住宅社區,false
和發天鑽社區,桃園市桃園區大有路168號,25.0073106,121.3210459,14~15,175,525,5,4,2019年,20.0,住宅社區,false
羅丹一期,桃園市桃園區大有路496號,25.0130295,121.3185514,16,160,480,4,4,1994年,15.5,住宅社區,false
藝集,桃園市桃園區大有路726號,25.0186204,121.3159118,14,77,308,4,2,2015年,20.44,住宅社區,false
益展城心,桃園市桃園區大華五街62號,25.00217,121.30898,14~15,97,291,3,3,2014年,23.6,住宅社區,false
鴻築微風社區,桃園市桃園區中山路1308巷351號,24.9859872,121.2740139,15,162,648,6,3,2019年,20.0,住宅社區,false
寶祥縣寶,桃園市桃園區中山路1000~1000之7號,24.9886181,121.2852842,17,548,2900,14,6,1996年,13.9,住宅社區,false
拉斐爾,桃園市桃園區龍泉一街1號,24.9795711,121.2712246,14,114,456,4,2,2013年,15.43,住宅社區,false
必富邑國宅G區,桃園市桃園區龍泉六街58號,24.9839378,121.2718771,7~9,101,303,5,5,2000年,15.0,住宅社區,false
閱讀萊茵,桃園市桃園區龍泉六街186號,24.983162,121.2685477,13,156,464,6,4,2013年,16.6,住宅社區,false
尊爵會館,桃園市桃園區敬二街61號,25.023777,121.2926008,7,40,120,2,2,2004年,25.0,住宅社區,false
青春物語,桃園市中壢區永福路668號,24.9601606,121.2581793,8,96,288,3,3,2008年,17.0,住宅社區,false
雅硯,桃園市中壢區永福路926號,24.9623301,121.2540652,7,56,168,4,4,2006年,17.0,住宅社區,false
柏德公園B區,桃園市中壢區實踐路226號,24.9573678,121.2392187,8,64,192,4,4,2002年,16.8,住宅社區,false
國王花園,桃園市中壢區晉元路301巷46號,24.952492,121.264282,12,264,792,9,7,1994年,15.0,住宅社區,false
太子國寶,桃園市中壢區後寮一路146號,24.9406508,121.2457879,10,280,840,10,10,1997年,16.0,住宅社區,false
榮耀歐洲,桃園市中壢區溪州街267巷2號,24.9618331,121.2300437,11~12,486,1944,20,20,2005年,18.59,住宅社區,false
宜誠春天行館社區,桃園市平鎮區莊隆街1號,24.9033772,121.2126764,13~15,134,536,5,5,2015年,17.0,住宅社區,false
藝樹賞,桃園市中壢區自強六路67號,24.9744183,121.2486328,11~12,68,204,3,3,2005年,16.8,住宅社區,false
自立社區,桃園市中壢區自立五街82號,24.966391,121.2517498,12、14,2692,10768,86,49,2004年,11.2,住宅社區,false
北帝國觀天,桃園市中壢區環中東路二段312巷294之1號,24.9484796,121.2352467,14,518,2072,11,8,1999年,13.82,住宅社區,false
陸光五村,桃園市中壢區陸光二街30號,24.9651098,121.2578177,14,868,2604,30,17,1982年,20.0,住宅社區,false
連都大地一期,桃園市中壢區榮安十五街75巷1~31號,24.9607594,121.2592389,8,160,480,8,8,1993年,16.0,住宅社區,false
大學世家,桃園市中壢區同慶路36號,24.945079,121.252685,10,120,360,6,6,1993年,15.0,住宅社區,false
中國龍,桃園市中壢區林森路122號,24.9447426,121.2265215,8,56,224,3,3,1998年,14.06,住宅社區,false
富甲尊爵,桃園市中壢區仁福三街82號,24.9401935,121.2560337,12,216,648,9,9,1994年,17.0,住宅社區,false
海華國際星鑽,桃園市中壢區七合一街99號,24.96382,121.2263587,15,292,876,7,3,2018年,20.0,住宅社區,false
海德一號,桃園市中壢區民族路六段126號,24.9602033,121.1637685,76,148,592,10,6,2016年,16.0,住宅社區,false
太子鎮,桃園市中壢區龍和一街251號,24.9392231,121.2453645,225,522,1566,25,25,1996年,17.0,住宅社區,false
太陽村,桃園市中壢區仁和街23號,24.9799145,121.2577899,15,150,450,5,3,1994年,12.1,住宅社區,false
綠藝心賞,桃園市中壢區崁頂路1381號,24.9520872,121.2667196,10,160,480,4,4,2007年,18.0,住宅社區,false
美麗歐洲,桃園市中壢區中園路28號,24.9653447,121.2371465,15,600,2400,16,15,2007年,17.0,住宅社區,false
中壢京站,桃園市中壢區新興路230巷16~60號,24.9537817,121.2283382,15,330,990,6,3,2012年,23.0,住宅社區,false
中壢香格里拉大廈,桃園市中壢區中華路二段330號,24.964734,121.235764,16,324,960,8,4,1995年,21.0,住宅社區,false
哥德宮庭,桃園市中壢區慈惠三街121號之3,24.9633514,121.2254515,15,330,990,14,7,1994年,25.0,住宅社區,false
優活賞,桃園市中壢區龍川四街35號,24.9369045,121.2457947,13,182,546,7,7,2009年,14.0,住宅社區,false
花園城堡,桃園市中壢區龍慈路107號,24.9422242,121.2466994,15,180,540,5,4,2013年,20.0,住宅社區,false
益展詠富,桃園市中壢區龍仁路43號,24.9374631,121.2344728,15,105,315,3,3,1993年,20.0,住宅社區,false
太子天廈,桃園市中壢區中山東路三段61號,24.9449444,121.248259,24,504,1512,6,3,2007年,20.0,住宅社區,false
唐都,桃園市中壢區中山東路三段230巷6號,24.9421208,121.2499415,26,117,351,4,2,1991年,19.0,住宅社區,false
臻美,桃園市中壢區松信路111號,24.9619738,121.1650303,13,117,351,3,3,2018年,20.0,住宅社區,false
智匯城,桃園市中壢區松信路168號,24.962859,121.1662019,15,187,748,5,4,2016年,15.59,住宅社區,false
宜誠天匯2社區,桃園市中壢區松義路67號,24.9598899,121.1656128,15,146,438,5,3,2015年,20.0,住宅社區,false
大清哈佛,桃園市中壢區松義路115號,24.9601593,121.1665248,15,205,820,6,4,2014年,15.73,住宅社區,false
中壢福利讚,桃園市中壢區復華九街115號,24.975215,121.246559,7,126,504,6,6,1994年,12.3,住宅社區,false
智聖天廈,桃園市中壢區新明路157之1號,24.9612295,121.2153138,14,114,456,4,2,1994年,18.0,住宅社區,false
一品中原,桃園市中壢區仁慈路100號,24.9449181,121.2510985,11,99,297,4,4,2000年,18.0,住宅社區,false
元智生活會館社區,桃園市中壢區興仁路二段99號,24.9665304,121.2634815,10,675,1350,4,1,2006年,15.0,住宅社區,false
金鑽名第,桃園市中壢區興仁路二段297巷2號,24.9639134,121.2649498,7,140,420,7,7,1994年,21.0,住宅社區,false
金璽傳家,桃園市中壢區興仁路二段297巷1號,24.9641556,121.2649511,8,128,384,8,5,1992年,16.0,住宅社區,false
合遠大學城向陽館,桃園市中壢區興仁路二段331號,24.9634766,121.2647448,15,159,636,5,3,2019年,15.88,住宅社區,false
鼎藏晶華一期,桃園市中壢區興仁路二段648巷46~66號,24.9576205,121.2643134,12,96,288,2,2,2002年,20.0,住宅社區,false
鼎藏晶華二期,桃園市中壢區興仁路二段648巷2~40號,24.9576205,121.2643134,12,480,1440,8,8,2003年,20.0,住宅社區,false
北帝國皇家宮廷,桃園市中壢區龍岡路二段367號,24.940926,121.2310779,16,176,528,5,3,1994年,19.0,住宅社區,false
向陽特區社區,桃園市中壢區文化路306號,24.97782,121.2517823,13,155,465,5,5,2008年,21.0,住宅社區,false
站前A+社區,桃園市中壢區青雲路108號,25.0140347,121.2202035,13,220,660,4,2,2018年,28.0,住宅社區,false
合遠大學城綠馥館,桃園市中壢區榮和六街118號,24.9632726,121.2652412,12,64,256,2,2,2017年,16.0,住宅社區,false
國璽苑社區,桃園市中壢區領航北路二段65號,25.0078927,121.2020587,21,166,332,4,2,2015年,26.0,住宅社區,false
柏德CITY社區,桃園市中壢區實踐路225號,24.9571719,121.2386989,10,910,1365,7,3,2004年,18.2,住宅社區,false
維納斯,桃園市中壢區普義路223號,24.9618013,121.2308019,12~13,386,1158,14,14,2004年,19.6,住宅社區,false
環東小貴族,桃園市中壢區環中東路167號,24.9645121,121.2583454,12,121,200,1,1,1996年,15.1,住宅社區,false
法國香榭,桃園市中壢區環西路二段226巷3號,24.9642794,121.2116492,15,270,810,4,3,2010年,21.0,住宅社區,false
法國之星,桃園市中壢區環西路二段278號,24.9645979,121.2123854,15,577,2885,19,19,2005年,20.47,住宅社區,false
宏國中壢新城,桃園市中壢區環西路二段300巷17號1樓,24.9641287,121.2133841,17~20,325,1240,6,8,1993年,15.37,住宅社區,false
花田囍市,桃園市中壢區環保路281號,25.0070364,121.1907614,15,240,960,7,7,2016年,14.62,住宅社區,false
文華漾社區,桃園市中壢區龍陵路197號,24.9350569,121.2312853,13,150,600,6,6,2018年,15.0,住宅社區,false
水悅,桃園市中壢區莊敬路829巷13號,24.9634462,121.2549629,12,408,1224,13,13,2008年,19.7,住宅社區,false
微笑城堡,桃園市中壢區長興街29號,24.9709106,121.250448,12,240,720,10,7,2013年,22.0,住宅社區,false
勤樸悅圓,桃園市中壢區育樂路32號,24.9641777,121.235257,13,143,429,3,3,2017年,18.0,住宅社區,false
幸福悅,桃園市中壢區新生路三段888號,25.0037185,121.2143589,15,75,225,2,2,2016年,20.0,住宅社區,false
鴻福大街,桃園市中壢區成章一街101巷14號,24.9760562,121.2571745,9,396,1188,14,14,1995年,13.5,住宅社區,false
維多利亞,桃園市中壢區富國街35號,24.9683258,121.2578066,15,120,360,4,4,2011年,26.0,住宅社區,false
博市國宅,桃園市中壢區成章三街143巷3號,24.9818221,121.2555688,8,264,792,17,17,1997年,15.0,住宅社區,false
北帝國第五期,桃園市中壢區執信一街171號,24.9448978,121.2270683,9,396,720,9,7,1998年,19.0,住宅社區,false
雲邸,桃園市中壢區龍慈路832之1號,24.9340923,121.2375638,13,169,468,4,2,1994年,22.0,住宅社區,false
宜誠鉑金苑社區,桃園市中壢區南園二路269號,24.971414,121.228297,12,189,567,9,9,2013年,18.0,住宅社區,false
麗朵,桃園市中壢區南園二路296巷10號,24.9725907,121.2279402,13~15,252,756,8,7,2015年,18.0,住宅社區,false
海華國際會館,桃園市中壢區九和一街1號,24.9618313,121.2233083,22,572,880,7,3,2008年,26.0,住宅社區,false
鴻都大樓,桃園市中壢區後興路一段183號,24.9412805,121.2454497,13,144,576,4,4,1996年,13.0,住宅社區,false
春虹e吉邦,桃園市中壢區華美一路14號,24.9510108,121.2602684,9,306,918,14,14,2002年,16.0,住宅社區,false
天郡,桃園市中壢區華美三路283號,24.9462345,121.2588356,15,150,450,5,5,1997年,21.0,住宅社區,false
天翔,桃園市中壢區華美三街353號,24.9462345,121.2588356,14~15,340,1020,10,5,2017年,16.0,住宅社區,false
西雅圖,桃園市中壢區民溪七路35號,25.0259367,121.2020387,11,88,264,4,2,2016年,20.5,住宅社區,false
龍城社區,桃園市中壢區華勛街37巷12弄2號,24.951716,121.258509,7,200,600,10,10,1995年,15.0,住宅社區,false
北帝國林森社區,桃園市中壢區生明街25巷3號,24.9442359,121.2271605,7~8,282,846,7,7,2008年,16.0,住宅社區,false
淳品,桃園市中壢區龍仁路50號,24.9365444,121.234543,14~15,102,306,3,2,2014年,16.0,住宅社區,false
好機會,桃園市中壢區富村街99號,24.9685084,121.2568535,7,252,756,18,17,1998年,15.0,住宅社區,false
故鄉緣花園華廈社區,桃園市中壢區東昇街1號,24.9506764,121.2239758,7~8,122,488,5,5,1994年,17.0,住宅社區,false
布查花園社區,桃園市中壢區仁德五街25號,24.9535977,121.2619978,9,320,1280,16,12,1999年,12.0,住宅社區,false
有誠意小鎮社區,桃園市八德區建國路133巷1弄7號,24.933586,121.286191,7~9,428,1284,27,27,1999年,12.6,住宅社區,false
陸光四村社區,桃園市八德區陸光街50巷1號,24.961571,121.29728,12,1938,5814,76,38,2000年,14.0,住宅社區,false
陸光仁愛社區,桃園市八德區陸光街50巷1號,24.961571,121.29728,12,144,570,3,3,2000年,13.0,住宅社區,false
環球世貿大樓,桃園市蘆竹區南崁路一段83號,25.051164,121.288639,18,80,2000,2,,,,商辦大樓,false
品森活,桃園市八德區中正北路18號,24.9315296,121.2833958,14,104,312,3,3,2019年,19.0,住宅社區,false
大企業家大廈,桃園市蘆竹區南崁路一路99號,25.0515344,121.2879844,14,41,900,2,,,,商辦大樓,false
合雄M社區,桃園市八德區中正北路100號,24.9322679,121.2833985,14、15,214,642,6,6,2019年,18.0,住宅社區,false
中正領航大廈,桃園市蘆竹區南崁路二段9號,25.0563953,121.2798995,9,42,800,2,,,,商辦大樓,false
世紀天廈,桃園市八德區和平路280號,24.957305,121.306131,12,156,468,6,3,2005年,18.0,住宅社區,false
中正國際大樓,桃園市蘆竹區南崁路二段66號,25.0583656,121.279117,8,27,650,4,,,,商辦大樓,false
桃大悅園社區,桃園市八德區義勇街88巷10號,24.9637614,121.3029774,11,66,198,2,2,2009年,19.2,住宅社區,false
南崁大樓,桃園市蘆竹區南崁路265號,25.0497713,121.2924776,11,20,800,2,,,,商辦大樓,false
愛的世界,桃園市八德區義勇街126巷3弄3號,24.9630479,121.3047364,8,252,756,14,14,1995年,19.0,住宅社區,false
蘆竹區農會,桃園市蘆竹區南崁路175巷10號,25.0471507,121.2932774,6,4,250,1,,,,商辦大樓,false
全佳福社區,桃園市八德區忠勇街377巷5號,24.9685092,121.3030021,7,182,546,11,11,1999年,16.1,住宅社區,false
森寶開發股份有限公司,桃園市蘆竹區南崁里民權路50號,25.0363608,121.2996404,6,10,300,1,,,,商辦大樓,false
"LOVE7 A",桃園市八德區桃德路452號,24.9743455,121.2983844,12、13,125,500,4,3,2010年,16.75,住宅社區,false
龍田金融大樓,桃園市龜山區萬壽路一段163號,25.0182413,121.4071035,22,35,1700,2,,,,商辦大樓,false
綠花園,桃園市八德區浮筧街125巷60號,24.9171386,121.2594063,7、8,60,180,4,4,2004年,11.0,住宅社區,false
吉祥企業大樓,桃園市龜山區萬壽路二段412號,25.0021443,121.3521435,10,13,1000,1,,,,商辦大樓,false
合勤微笑莊園社區,桃園市八德區山下街9號,24.9340193,121.2639614,11,96,288,3,3,2018年,21.0,住宅社區,false
巴頓工業區,桃園市龜山區萬壽路一段490、492號,25.0164827,121.3981652,12,16,1200,1,,,,商辦大樓,false
振翔新天地,桃園市八德區國豐六街23-53號,24.9609624,121.2912261,14,214,890,8,4,2016年,19.0,住宅社區,false
創世紀科技園區,桃園市龜山區萬壽路一段611號,25.0162481,121.3933451,8,22,1400,2,,,,商辦大樓,false
悅天下社區,桃園市八德區豐田一路53號,24.9263562,121.2881657,14,102,408,3,3,2015年,21.0,住宅社區,false
世貿國際大樓,桃園市龜山區公園路30、32號,25.0549345,121.3670837,12,18,1000,1,,,,商辦大樓,false
綠光城市美樹館,桃園市八德區豐田一路1號,24.9266506,121.2897829,13,182,728,6,6,2014年,15.5,住宅社區,false
洵善大樓(一),桃園市龜山區大湖里文化二路28之1號,25.0608361,121.3643035,13,6,500,1,,,,商辦大樓,false
八德豐田大郡社區,桃園市八德區豐田三路53號,24.928294,121.2867641,13,270,810,10,10,2014年,16.0,住宅社區,false
洵善大樓(二),桃園市龜山區大湖里文化二路28之3號,25.0608361,121.3643035,13,8,600,1,,,,商辦大樓,false
逸極朗闊,桃園市八德區豐田五街8號,24.9311529,121.2889398,13,52,156,2,2,2013年,20.0,住宅社區,false
來鑫商業大樓,桃園市八德區介壽路919號,24.9600745,121.2997585,12,15,800,1,,,,商辦大樓,false
麗寶大藝術家B區,桃園市八德區廣興二路79號,24.9329231,121.2794344,16、17,183,549,6,3,2016年,25.0,住宅社區,false
慕翰大樓,桃園市八德區介壽路一段1033號,24.9580168,121.299456,12,10,550,1,,,,商辦大樓,false
春虹映象,桃園市八德區茄苳路93巷3號,24.9831978,121.2817024,10,140,420,7,7,1999年,15.0,住宅社區,false
環宇經貿大樓,桃園市桃園區春日路985號,25.0113061,121.3099627,12,22,1000,1,,,,商辦大樓,false
竹風鳳凰II社區,桃園市八德區仁德一路125號,24.9360588,121.2899698,15,120,360,4,2,2015年,18.1,住宅社區,false
桃園區農會會稽辦事處,桃園市桃園區春日路1038號,25.0191189,121.3087057,6,0,500,1,,,,商辦大樓,false
南源山水,桃園市八德區中華路223號,24.9829677,121.2778634,8~9,106,318,6,6,1997年,14.1,住宅社區,false
桃園區農會,桃園市桃園區新生路165號,24.9961184,121.3077767,6,0,500,2,,,,商辦大樓,false
桃園居易,桃園市八德區中華路292號,24.9817393,121.2759278,119,561,2244,10,7,2003年,14.14,住宅社區,false
中台空氣淨化科技股份有限公司,桃園市桃園區泰成路62巷33號,24.989059,121.298141,6,6,400,1,,,,商辦大樓,false
慕夏,桃園市八德區正福街58號,24.9717568,121.2986612,15,270,810,6,4,2008年,17.5,住宅社區,false
來亨旺大樓,桃園市桃園區大有路487號,25.0127968,121.3183507,12,45,2000,2,,,,商辦大樓,false
幸福天地,桃園市八德區富城街50號,24.976222,121.273247,7,182,546,13,13,1996年,12.7,住宅社區,false
海王經貿廣場,桃園市桃園區春日路1492號,25.0300499,121.3052665,10,38,1350,1,,,,商辦大樓,false
凱旋門社區,桃園市平鎮區復旦路二段128號,24.9472729,121.2014776,12,307,921,11,5,1993年,17.0,住宅社區,false
中華電信富國大樓,桃園市桃園區富國路200號,25.0131676,121.2870158,7,1,200,2,,,,商辦大樓,false
皇家大第,桃園市平鎮區復旦路二段199巷2號,24.946882,121.201758,7,132,396,11,11,1993年,12.0,住宅社區,false
麗寶新世紀大樓,桃園市桃園區文中路747號,24.992893,121.275014,13,17,950,1,,,,商辦大樓,false
大清祥安社區,桃園市平鎮區湧安路5號,24.8943391,121.2042676,14,168,504,6,3,2014年,13.6,住宅社區,false
阿波羅大廈,桃園市桃園區經國路9、11號,25.009037,121.310585,16,45,1400,2,,,,商辦大樓,false
三秀1景社區,桃園市平鎮區湧安路118號,24.894328,121.201772,11,24,72,2,1,2012年,13.2,住宅社區,false
經國智慧大樓,桃園市桃園區經國路857、859號,25.0302353,121.3003327,14,23,700,2,,,,商辦大樓,false
英雄鎮,桃園市平鎮區中豐路202巷3號,24.9420499,121.216037,13~19,732,2928,15,12,1998年,13.16,住宅社區,false
長榮矽谷大樓,桃園市桃園區經國路888號,25.0326432,121.3005967,15,73,800,2,,,,商辦大樓,false
現代之藝,桃園市平鎮區中豐路228號,24.9412013,121.2162488,7、9,122,488,7,7,2005年,15.15,住宅社區,false
國際金融廣場,桃園市桃園區大興西路二段6號,25.0124552,121.299515,20,79,1800,2,,,,商辦大樓,false
進化論,桃園市平鎮區南京路12巷85號,24.9168852,121.2103354,15,156,240,4,4,2019年,15.04,住宅社區,false
企業家辦公大樓,桃園市桃園區大興西路二段61、63、65號,25.0113487,121.2987747,18,39,2000,1,,,,商辦大樓,false
易家大禾社區,桃園市平鎮區廣泰路233號,24.9433457,121.2040351,12,84,252,3,3,2016年,19.6,住宅社區,false
鑫華通商大樓,桃園市桃園區中華路33號,24.9909024,121.3110428,10,22,700,1,,,,商辦大樓,false
宜誠四季行館,桃園市平鎮區中豐路山頂段3號,24.9039701,121.2122409,12,225,1125,9,9,2013年,13.34,住宅社區,false
福音大樓(一),桃園市桃園區縣府路106號,24.9942939,121.302723,14,19,1600,1,,,,商辦大樓,false
易家寬禾社區,桃園市平鎮區廣泰路233號,24.9433457,121.2040351,14,112,448,4,4,2018年,18.15,住宅社區,false
福音大樓(二),桃園市桃園區縣府路110號,24.9943247,121.3025242,6,7,500,1,,,,商辦大樓,false
里仁為美,桃園市平鎮區振平街208號,24.9418585,121.2204738,11,176,528,5,5,1996年,19.0,住宅社區,false
陽明NEW1廠辦,桃園市桃園區裕和街17巷58號1樓,24.9816984,121.2733083,6,10,600,1,,,,商辦大樓,false
極光,桃園市平鎮區延平路二段1-19-1號,24.9490201,121.2121079,15,160,800,5,3,2012年,19.59,住宅社區,false
運通大樓,桃園市桃園區南華街77號,24.9910262,121.3080149,10,16,700,1,,,,商辦大樓,false
城上水美,桃園市平鎮區延平路二段239巷29號,24.9452197,121.2094262,15,195,585,6,6,2011年,20.0,住宅社區,false
經貿天下大樓,桃園市桃園區力行路5、7號,25.0031593,121.3052101,16,23,1300,2,,,,商辦大樓,false
巴黎春天,桃園市平鎮區延平路三段2號,24.9424575,121.2058021,13,325,1300,12,11,2006年,16.56,住宅社區,false
中華電信復興大樓,桃園市桃園區大同路108號,24.9889954,121.310123,12,1,400,3,,,,商辦大樓,false
源美亞典,桃園市平鎮區德育路二段150號,24.9418487,121.2187098,15,300,900,9,9,1999年,17.0,住宅社區,false
中華電信成功大樓,桃園市桃園區成功路一段30號,24.9926224,121.3116589,7,1,200,1,,,,商辦大樓,false
厚陞禾社區,桃園市平鎮區平德路113號,24.9274353,121.1966454,12,40,120,2,1,2019年,15.0,住宅社區,false
啟聖成功大樓,桃園市桃園區成功路一段32號,24.9926433,121.3111349,15,11,750,2,,,,商辦大樓,false
京戀,桃園市平鎮區南京路66號,24.9164632,121.2087602,15,180,720,6,5,2016年,14.07,住宅社區,false
亞洲商業大樓(中平路),桃園市桃園區中平路98號,24.9876127,121.2926818,22,79,2600,3,,,,商辦大樓,false
玉山,桃園市平鎮區民族路二段23巷36號,24.9567126,121.2076468,25,350,1400,6,3,2015年,20.55,住宅社區,false
華信金融大樓,桃園市桃園區復興路51號,24.9908728,121.3161919,12,5,600,1,,,,商辦大樓,false
慕光社區,桃園市平鎮區環南路35巷31號,24.956354,121.2081239,14,63,189,2,1,2017年,24.9,住宅社區,false
茂榮商業大樓,桃園市桃園區復興路96號,24.9911591,121.3157823,12,7,550,1,,,,商辦大樓,false
典藏巴黎社區,桃園市平鎮區環南路三段317號,24.9417977,121.2245104,12,63,189,1,1,2005年,15.0,住宅社區,false
寶麗金商業大樓,桃園市桃園區復興路99號,24.9904709,121.3137189,11,11,1100,2,,,,商辦大樓,false
巢世代,桃園市平鎮區開封街406號,24.9179977,121.2050393,65,130,520,5,5,2012年,14.73,住宅社區,false
桃園金融大樓(新壽公寓大廈),桃園市桃園區復興路205號,24.9887216,121.3087216,21,21,1000,2,,,,商辦大樓,false
東方之星一期,桃園市平鎮區中庸路120號,24.9135808,121.2075207,12~13,354,1416,11,11,2006年,16.88,住宅社區,false
桃園金融大樓(新壽公寓大廈),桃園市桃園區復興路207號,24.9889268,121.3085416,21,21,1000,2,,,,商辦大樓,false
白天鵝花園廣場,桃園市平鎮區平安南街61號,24.9457641,121.2083596,9,117,351,6,5,1999年,15.0,住宅社區,false
來鑫廣場大樓,桃園市桃園區復興路389號,24.9908153,121.3024319,12,29,600,1,,,,商辦大樓,false
立體我家社區,桃園市平鎮區新華路72巷1號,24.9149895,121.2504795,11,96,384,6,6,1996年,10.0,住宅社區,false
雙得統領天廈,桃園市桃園區民權路6號,24.9898477,121.3119894,12,36,600,1,,,,商辦大樓,false
楊州花都,桃園市楊梅區中山北路一段390巷33之5號1樓,24.910134,121.158107,107,224,672,14,14,1994年,16.1,住宅社區,false
國際公園公寓大廈,桃園市桃園區三民路二段127號,25.0002804,121.3127369,14,8,450,1,,,,商辦大樓,false
台北碧瑤,桃園市楊梅區萬大路116巷42弄2之1號,24.9098465,121.1766528,7,255,1020,15,15,1995年,10.0,住宅社區,false
IF國際經貿中心,桃園市桃園區中正路1351、1353號,25.0227643,121.2951595,20,20,3200,6,,,,商辦大樓,false
厚陞揚,桃園市楊梅區校前路254巷51號,24.9012653,121.148881,13、15,69,276,3,2,2019年,14.33,住宅社區,false
通商企業大樓,桃園市桃園區中山路425巷3號,24.9915483,121.3003666,10,17,400,2,,,,商辦大樓,false
大台北國宅社區,桃園市楊梅區瑞坪路27號,24.9044717,121.1773781,8,170,680,10,10,1997年,10.0,住宅社區,false
中山天廈,桃園市桃園區中山路543、545、547、549、551號,24.9906889,121.296629,17,37,800,1,,,,商辦大樓,false
大中華國宅社區,桃園市楊梅區瑞坪路18巷67弄1號,24.9054931,121.175206,8,88,264,5,5,1995年,9.5,住宅社區,false
昭揚銳社區大樓,桃園市桃園區同德六街89號,25.016171,121.2996044,15,53,1100,2,,,,商辦大樓,false
高誠好時代,桃園市楊梅區金溪里金溪路392號,24.9044416,121.1721147,7,210,840,10,10,2019年,15.02,住宅社區,false
天樂商業大樓,桃園市桃園區中山東路32之20號,24.9960653,121.3154078,10,13,500,1,,,,商辦大樓,false
涵美馥邑區社區,桃園市楊梅區梅獅路二段40號,24.9100477,121.1744986,14,220,880,7,5,2017年,14.0,住宅社區,false
新郭合豐大樓,桃園市桃園區中山路709、709之1、711、711之1號,24.9908258,121.2913565,7,18,800,1,,,,商辦大樓,false
世紀花園廣場社區,桃園市楊梅區梅獅路二段156號,24.9069684,121.1766112,10,240,720,10,10,2005年,11.0,住宅社區,false
自強大樓,桃園市桃園區自強路72號,24.9989669,121.317896,7,7,700,1,,,,商辦大樓,false
紐約時尚會館,桃園市楊梅區梅獅路二段166巷1號,24.9067434,121.1767426,10,207,828,9,9,2007年,12.0,住宅社區,false
龍潭區農會,桃園市龍潭區東龍路100號,24.8617915,121.2155341,6,3,650,1,,,,商辦大樓,false
名座花園,桃園市楊梅區梅獅路二段249巷1-23號,24.9059272,121.1785011,7,168,504,11,11,1994年,8.3,住宅社區,false
永達創世紀,桃園市中壢區中山路132號,24.9559732,121.2250948,13,42,900,2,,,,商辦大樓,false
台北比佛利加州區公寓大廈,桃園市楊梅區青山三街88號1樓之1,24.9195921,121.1701236,8,364,1092,20,20,1995年,10.0,住宅社區,false
新明大樓,桃園市中壢區中山路141號,24.9558043,121.2243826,12,12,400,1,,,,商辦大樓,false
鴻築新巴黎社區,桃園市楊梅區金山街275巷1號,24.9115651,121.1612204,135,390,1170,12,9,2016年,13.3,住宅社區,false
中華電信中壢服務中心,桃園市中壢區中山路152號,24.9561729,121.2243155,7,1,200,1,,,,商辦大樓,false
傳佳明日城公寓大廈,桃園市楊梅區金山街298巷50號,24.911631,121.16332,11、12,250,750,8,8,2014年,17.0,住宅社區,false
亞洲商業大樓,桃園市中壢區中正路82號,24.9547414,121.2235633,13,13,800,1,,,,商辦大樓,false
玫瑰村,桃園市楊梅區中山北路一段390巷45弄34之1號,24.9106693,121.1576929,12,288,864,6,6,2007年,16.0,住宅社區,false
佑家生活事業大樓,桃園市中壢區中正路582號,24.9594834,121.211829,10,3,300,1,,,,商辦大樓,false
第一佳公寓大廈,桃園市楊梅區中山北路二段23巷29號,24.907334,121.1680954,9,120,360,3,3,1996年,13.0,住宅社區,false
陽明商業大樓,桃園市中壢區中美路二段117號,24.9598567,121.221039,12,9,750,1,,,,商辦大樓,false
台北新都凡爾賽社區,桃園市楊梅區裕成南路365號,24.8987714,121.1572138,12,264,792,6,3,1997年,12.0,住宅社區,false
龍門天下商業大樓,桃園市中壢區中北路二段117號,24.9515787,121.2259221,14,16,600,2,,,,商辦大樓,false
台北亞熱帶凱撒區,桃園市楊梅區裕城南路380號,24.8985945,121.1573546,13,338,1352,8,4,1998年,7.21,住宅社區,false
金緯商業大樓,桃園市中壢區中央西路一段1號,24.9571282,121.2234211,12,11,500,1,,,,商辦大樓,false
光華二村,桃園市楊梅區中興路88號,24.9172686,121.1849404,12,296,1184,12,6,2001年,11.0,住宅社區,false
世貿財星廣場,桃園市中壢區中央西路一段120號,24.9586168,121.2203265,30,23,1200,4,,,,商辦大樓,false
曼哈頓社區,桃園市楊梅區青山二街382號,24.9205563,121.1714506,15,483,1449,6,2,1995年,8.0,住宅社區,false
凱撒雙星大樓,桃園市中壢區環北路398、400號,24.9654722,121.2263378,22,112,2000,8,,,,商辦大樓,false
聯上世界,桃園市大園區高鐵南路一段77號,25.009634,121.212002,14,238,952,8,4,2016年,29.63,住宅社區,false
中壢大樓,桃園市中壢區環西路121號,24.9606738,121.2070513,11,20,1100,1,,,,商辦大樓,false
曜見築,桃園市大園區興德路30號,25.019117,121.212372,8、10,84,336,4,2,2015年,25.22,住宅社區,false
福運企業大樓,桃園市中壢區延平路326號,24.9604848,121.2253043,11,7,350,1,,,,商辦大樓,false
馥悅,桃園市大園區學十一街101號,25.0454666,121.1671772,11,154,616,7,7,2016年,14.58,住宅社區,false
環宇通商(中壢),桃園市中壢區延平路450號,24.9584493,121.22405,12,17,400,1,,,,商辦大樓,false
東方明珠,桃園市大園區大華一街26號,25.0206338,121.2194996,8,32,96,2,2,2014年,22.0,住宅社區,false
兆豐大樓,桃園市中壢區新明路7號,24.9567507,121.2142972,12,13,400,1,,,,商辦大樓,false
璟都帝一琚,桃園市大園區大豐二街62號,25.0221696,121.2212506,8,64,192,3,3,2015年,26.1,住宅社區,false
源鑫大樓,桃園市中壢區榮民路128號,24.9676232,121.2604832,8,8,600,1,,,,商辦大樓,false
翔譽17,桃園市大園區大豐一街60號,25.0229831,121.2188724,8,248,744,6,6,2017年,22.0,住宅社區,false
金華大樓,桃園市中壢區健行路169號,24.9486766,121.2278362,7,2,200,1,,,,商辦大樓,false
"隱 HOUSE",桃園市大園區中正東路三段336巷79號,25.0115931,121.2257154,10,100,400,2,2,2018年,17.98,住宅社區,false
財經第一大樓,桃園市中壢區復興路48號,24.9575926,121.2251622,12,13,700,1,,,,商辦大樓,false
星棧布拉格,桃園市大園區拔子林一路139號,25.0770053,121.2622954,13,104,416,5,2,2020年,20.62,住宅社區,false
中華電信中壢中山擴建機房,桃園市中壢區復興路76號,24.9564638,121.2244944,7,1,50,1,,,,商辦大樓,false
青城之戀社區,桃園市蘆竹區仁愛路三段260巷5號,25.0532926,121.3030135,12,132,396,4,4,2006年,21.5,住宅社區,false
登揚大廈,桃園市中壢區中華路一段859號,24.967019,121.245396,10,9,400,1,,,,商辦大樓,false
麗水漾,桃園市蘆竹區忠孝西路61號,25.0421645,121.2908562,12,30,90,2,1,2012年,23.5,住宅社區,false
東聯新世紀科技園區,桃園市中壢區西園路111號,24.9841675,121.2359383,10,41,1100,2,,,,商辦大樓,false
桃園小天母社區,桃園市蘆竹區中山路105號,25.0557045,121.2982043,9,80,240,3,2,1996年,13.0,住宅社區,false
名揚大樓,桃園市平鎮區環南路18號,24.9565928,121.2066359,13,23,500,2,,,,商辦大樓,false
森之丘,桃園市蘆竹區中山路108巷19弄10號,25.0564505,121.2991634,12,48,144,2,2,2008年,25.0,住宅社區,false
徐柳誠,桃園市平鎮區環南路521號,24.9453099,121.208414,6,0,150,1,,,,商辦大樓,false
歐洲之星社區,桃園市蘆竹區中山路169號,25.057384,121.297149,14,182,546,2,2,1999年,15.3,住宅社區,false
通營帝國辦公大樓,桃園市平鎮區環南路二段27號,24.9442352,121.2095492,17,18,750,1,,,,商辦大樓,false
統領台北,桃園市蘆竹區中山路73號,25.0526102,121.3002586,12、13,126,630,5,5,2008年,18.94,住宅社區,false
通營大樓,桃園市平鎮區忠孝路2號,24.955866,121.212752,12,10,400,2,,,,商辦大樓,false
麗寶W1,桃園市蘆竹區新南路一段50號,25.045383,121.2939728,29,252,1008,12,5,2014年,27.74,住宅社區,false
大園區農會-產業大樓,桃園市大園區中正東路97之2號,25.0628887,121.2009648,8,5,500,1,,,,商辦大樓,false
開南金磚,桃園市蘆竹區新興街140巷32號,25.0098665,121.2698544,7、9,111,444,7,4,2011年,15.0,住宅社區,false
大園區農會,桃園市大園區中正東路103號,25.0628681,121.2016696,6,3,300,1,,,,商辦大樓,false
花都社區,桃園市蘆竹區奉化路166號,25.0385373,121.29014,13,392,1176,16,10,2006年,20.0,住宅社區,false
謝孟儒,桃園市楊梅區大成路224號,24.9130589,121.1459714,11,5,500,1,,,,商辦大樓,false
竹城富良野社區,桃園市蘆竹區歐楓街67號,25.0606284,121.2950422,10,180,540,10,10,2010年,20.0,住宅社區,false
"cityone 五楊科技城",桃園市楊梅區中山北路一段199巷98號,24.9063408,121.154547,10,16,1200,2,,,,商辦大樓,false
綠薇閣,桃園市蘆竹區五福路106巷18號,25.0497904,121.2950067,10、11,104,312,5,5,2004年,25.3,住宅社區,false
楊梅綜合大樓,桃園市楊梅區楊梅里大模街10號,24.9128508,121.1444587,2,11,600,2,,,,商辦大樓,false
人文學苑,桃園市蘆竹區五福一路175號,25.0556063,121.2943665,13,97,388,4,4,2010年,21.0,住宅社區,false
狀元台北貳大廈,桃園市蘆竹區五福六路56巷2號,25.0549324,121.2968329,8,96,250,5,5,1997年,14.0,住宅社區,false
甜蜜進行曲社區,桃園市蘆竹區六福路148號,25.0598875,121.2971607,9,162,486,4,4,1999年,18.5,住宅社區,false
長榮新第社區,桃園市蘆竹區六福路209號,25.0599028,121.2968616,9,105,315,7,7,1999年,20.0,住宅社區,false
新人類國,桃園市蘆竹區長興路二段26巷5號,25.0669091,121.2912238,10,280,1120,14,10,1994年,14.14,住宅社區,false
青川之丘社區,桃園市蘆竹區大新三街201巷6號,25.0209369,121.2561259,11,44,132,2,1,2015年,20.3,住宅社區,false
宜誠領袖會館社區,桃園市蘆竹區大興四街112號,25.017351,121.2600748,13,195,585,7,4,2009年,16.8,住宅社區,false
韋瓦第,桃園市蘆竹區大興八街9號1樓,25.017606,121.2577427,13~14,134,536,3,3,2016年,18.72,住宅社區,false
麗源王朝社區,桃園市蘆竹區南順一街51號,25.0406558,121.2854828,7~10,520,2080,19,19,2001年,19.0,住宅社區,false
昇捷園邸,桃園市蘆竹區奉化路185號,25.038613,121.2910452,12,192,768,8,8,2000年,20.53,住宅社區,false
文藝復興,桃園市蘆竹區大興路1號,25.024647,121.2525728,13~14,82,246,3,3,2016年,20.3,住宅社區,false
